dish_name,dish_category

Кинг Фри мал,Картошка
Наггетсы (3 шт.),Наггетсы
Кинг Фри станд,Картошка
Соус Сырный,Соус
Кинг Фри бол,Картошка
Чизбургер,Бургер
Воппер,Бургер
Чикенбургер новый,Бургер
Сырные Медальоны (3 шт.),Сырные медальоны
Маффин,Десерт
Карт. Деревен. джун,Картошка
Наггетсы (6 шт.),Наггетсы
Воппер Джуниор,Бургер
Соус Кисло-сладкий,Соус
Гранд Чиз,Бургер
Гамбургер,Бургер
Чикен Тар-Тар,Бургер
Влажная салфетка,Дополнительно
Воппер Ролл,Ролл
"Липтон Грин Дж 0,3",Газировка
Луковые Кольца (3 шт.),Луковые кольца
Наггетсы (9 шт.),Наггетсы
Шримп Ролл,Ролл
Ord.2 сырных соуса,Соус
Роял Фри new,Картошка
Соус Барбекю,Соус
Сырные Медальоны (6 шт.),Сырные медальоны
Цезарь Кинг новый,Бургер
Двойной Чизбургер,Бургер
Up Воппер Джуниор,Бургер
"Липтон Лимон Дж 0,3",Газировка
Горячий Брауни с мороженым,Десерт
Пиво Туборг Грин 0.5л розлив,Пиво
Рожок,Десерт
Гранд Чиз Фреш,Бургер
Соус Карри,Соус
"Липтон Грин мал 0,4",Газировка
Карт. Деревен. станд,Картошка
Сырный соус Пармеджано,Соус
Цезарь ролл со стрипсами,Ролл
Наггетсы (12 шт.),Наггетсы
Капучино (МАЛ.),Кофе
Up Воппер,Бургер
Соус 1000 островов,Соус
Пирожок с вишней,Десерт
ЧизБекон Гамбургер,Бургер
Кетчуп,Соус
Соус Чесночный,Соус
"Эвервесс Блэк Роял джун 0,3л",Газировка
Up Пирожок с вишней,Десерт
Соус Горчичный,Соус
"Эвервесс Кола мал 0,4",Газировка
"Эвервесс Кола джун 0,3л",Газировка
Воппер с сыром,Бургер
"Липтон Лимон мал 0,4",Газировка
Up Чикен Тар-Тар,Бургер
Ord.Сырный и Кисло-сладкий соусы,Соус
Соус Гриль Особый,Соус
"Эвервесс Блэк Роял мал 0,4",Газировка
АНГУС Шеф new,Бургер
Кофе (МАЛ.),Кофе
Карт. Деревен. мал,Картошка
Up Сандэй Шоколадный,Десерт
Капучино (БОЛ.),Кофе
"Up Липтон Зеленый Чай в бутылке 0,5л",Газировка
ЧизБекон Чикен Гамбургер,Бургер
Up Кинг Наггетс Стандартный,Наггетсы
Латте (МАЛ.),Кофе
"Эвервесс Апельсин джун 0,3л б/л",Газировка
"Up Липтон Лимон в бутылке 0,5л",Газировка
"Липтон Грин стандарт 0,5",Газировка
1RUB.Кинг Фри станд,Картошка
1RUB.Наггетсы (6 шт.),Наггетсы
Up Карт. Деревен. станд,Картошка
Луковые Кольца (6 шт.),Луковые кольца
Латте (БОЛ.),Кофе
"Эвервесс Лемон-Лайм джун 0,3л б/л",Газировка
"Эвервесс Апельсин б/л  мал 0,4",Газировка
"Липтон Зеленый Чай в бутылке 0,5л",Газировка
Родео Гамбургер,Бургер
Up Сырный соус Пармеджано,Соус
Крылышки (6 шт.),Крылышки
Капучино (СТАНД.),Кофе
А4 ЛОКЕР,бокс/набор
"Липтон Лимон стандарт 0,5",Газировка
Up Сырные Медальоны (6 шт.),Сырные медальоны
"Сок Яблочный 0,2л",сок
"Липтон Лимон в бутылке 0,5л",Газировка
Двойной Воппер,Бургер
Up Сандэй Клубничный,Десерт
Чикенбургер,Бургер
Up Кинг Фри станд,Картошка
"Эвервесс Кола стандарт 0,5",Газировка
Сандэй Шоколадный,Десерт
Up Капучино (БОЛ.),Кофе
"Эвервесс Лемон-Лайм б/л  мал 0,4",Газировка
"Эвервесс Блэк Роял стандарт 0,5",Газировка
Креветки (6 шт.),креветки
Латте (СТАНД.),Кофе
Up Латте (СТАНД.),Кофе
Up Горячий Брауни с мороженым,Десерт
Гранд Чиз Двойной,Бургер
Up Луковые Кольца (6 шт.),Луковые кольца
Up Луковые Кольца (9 шт.),Луковые кольца
Сандэй Ванильный,Десерт
Ангус 4 Сыра,Бургер
Up Чизбургер,Бургер
Чай черный мал,Чай
Родео Чикен Гамбургер новый,Бургер
Чипсы/сухарики Lay’s сметана и зелень,Чипсы/сухарики
Сырбургер,Бургер
Итальяно Ролл с курицей,Ролл
Up Капучино (СТАНД.),Кофе
Сандэй Клубничный,Десерт
"Фрустайл Апельсин джун 0,3л",Газировка
1RUB.Сырные Медальоны (6 шт.),Сырные медальоны
Up Соус 1000 островов,Соус
Горячий Брауни,Десерт
Айс Твист Шоколадный,Десерт
"Фрустайл Лимон Лайм джун 0,3л",Газировка
Стрипсы (3 шт.),Стрипсы
Сырные Медальоны (9 шт.),Сырные медальоны
Up Гранд Чиз,Бургер
Итальяно Кинг,Бургер
"Эвервесс Блэк Роял в бутылке 0,5л",Газировка
"Сок Апельсиновый 0,2л",сок
Ангус Камамбер,Бургер
Up Клубничный Шейк мал,Молочные коктейли
Крылышки (3 шт.),Крылышки
Клубничный Шейк мал,Молочные коктейли
Ord.Сырный и Карри соусы,Соус
Двойной Воппер с сыром,Бургер
"Эвервесс Апельсин б/л  стандарт 0,5",Газировка
"Кола б/л мал 0,4",Газировка
"Дюшес джун 0,3л б/л",Газировка
Барбекю Бекон Гамбургер,Бургер
"Up Эвервесс Блэк Роял в бутылке 0,5л",Газировка
Айс Твист Клубничный,Десерт
Чай зеленый мал,Чай
Клубничный Шейк бол,Молочные коктейли
А4 БУРГЕР 2.0,бокс/набор
Сырбургер Чикен New,Бургер
Клубничный Шейк станд,Молочные коктейли
Беконайзер new,Бургер
Up Латте (БОЛ.),Кофе
"Эвервесс Апельсин в бутылке 0,5л",Газировка
"Кола джун 0,3л б/л",Газировка
Ангус Пармеджано,Бургер
Up Гранд Чиз Фреш,Бургер
Кинг Гоу Наггетсы,Наггетсы
Острый Воппер,Бургер
Итальяно Кинг с курицей,Бургер
"Байкал б/л мал 0,4",Вода
"Вода Аква Минерале без газа 0,5л",Вода
"Байкал джун 0,3л б/л",Вода
Up Кинг Фри бол,Картошка
Луковые Кольца (9 шт.),Луковые кольца
Пиво Балтика 7 0.5л розлив,Пиво
Соус Брусничный,Соус
Латте Айриш Крим (СТАНД.),Кофе
"Дюшес б/л мал 0,4",Газировка
Кофе (СТАНД.),Кофе
"Эвервесс Кола в бутылке 0,5л",Газировка
"Up Липтон Грин мал 0,4",Газировка
Улитка с Корицей,Десерт
А4 ЛИПУН,Дополнительно
Гранд Чиз Фреш Двойной,Бургер
Чеддер Начос Кинг,Бургер
"Эвервесс Лемон-Лайм б/л  стандарт 0,5",Газировка
Up Шоколадный Шейк мал,Молочные коктейли
"Up Эвервесс Апельсин в бутылке 0,5л",Газировка
Чеддер Начос Чикен Ролл,Ролл
"Кинг Букет ""Большой микс""",бокс/набор
Капучино Айриш Крим (СТАНД.),Кофе
Ванильный Шейк бол,Молочные коктейли
Up Соус Гриль Особый,Соус
"Фрустайл Апельсин мал 0,4",Газировка
Шоколадный Шейк бол,Молочные коктейли
Шоколадный Шейк станд,Молочные коктейли
Ванильный Шейк мал,Молочные коктейли
Креветки (3 шт.),креветки
Барбекю Бекон Чикенбургер,Бургер
1RUB.Пирожок с вишней,Десерт
Шоколадный Шейк мал,Молочные коктейли
"Фрустайл Лимон Лайм мал 0,4",Газировка
Ванильный Шейк станд,Молочные коктейли
"Кола б/л стандарт 0,5",Газировка
1RUB.Воппер,Бургер
Соус Цезарь,Соус
"Эвервесс Лемон-Лайм в бутылке 0,5л",Газировка
Сырные Медальоны (12 шт.),Сырные медальоны
Up Воппер Ролл,Ролл
Острый Чизбургер,Бургер
1RUB.Рожок,Десерт
Чай черный станд,Чай
Up Ванильный Шейк мал,Молочные коктейли
"Байкал б/л  стандарт 0,5",Вода
Острая Штука + Шейкер,Дополнительно
Кинг Букет «Креветки»,креветки
АНГУС Шеф Двойной new,Бургер
А4 ЧИКЕНБУРГЕР,Бургер
1RUB.Капучино (БОЛ.),Кофе
Крылышки (12 шт.),Крылышки
Острый Чикен Чизбургер New,Бургер
Комплект Стикстеров,Дополнительно
Биг Кинг Джуниор,Бургер
"Up Эвервесс Лемон-Лайм в бутылке 0,5л",Газировка
Острые Наггетсы 6 Шт,Наггетсы
"Дюшес б/л стандарт 0,5",Газировка
Чеддер Начос Кинг с курицей,Бургер
Грибной Гамбургер,Бургер
Острый Чикенбургер New,Бургер
Какао,Кофе
3D-ПАТЧ,Дополнительно
Up Сандэй Ванильный,Десерт
Стрипсы (6 шт.),Стрипсы
"Up Липтон Лимон мал 0,4",Газировка
Стрипс Кинг,Стрипсы
Чеддер Начос Шримп Ролл,Ролл
Тильзитер Кинг,Бургер
Крылышки (9 шт.),Крылышки
Up Стрипсы (3 шт.),Стрипсы
"Лимонад б/л мал 0,4",Газировка
Up Цезарь ролл со стрипсами,Ролл
"Up Эвервесс Кола в бутылке 0,5л",Газировка
Мистери Воппер,Бургер
Рожок Малина,Десерт
Острый Томатный соус,Соус
"Фрустайл Лимон Лайм стандарт 0,5",Газировка
Острый Воппер Джуниор,Бургер
1RUB.Латте (БОЛ.),Кофе
"Пепси Кола Джун б/л (0,3)",Газировка
"Пиво Черри Найт 0,5л розлив",Пиво
Up Кофе (СТАНД.),Кофе
Up Наггетсы (9 шт.),Наггетсы
"Up Липтон Грин большой 0,8",Газировка
"Up Эвервесс Блэк Роял мал 0,4",Газировка
Фиш Бургер,Бургер
Итальяно Кинг с Беконом,Бургер
Острый Чикен Тар-Тар,Бургер
Тильзитер Кинг с курицей,Бургер
"Кинг Букет ""Крылышки XXL""",Крылышки
Тройной Воппер,Бургер
"Кинг Букет ""Снек-микс""",бокс/набор
Up Улитка с Корицей,Десерт
"Фрустайл Апельсин стандарт 0,5",Газировка
"Пепси Кола б/л  мал 0,4",Газировка
Чай Зеленый станд,Чай
Креветки (12 шт.),креветки
"Дюшес джун 0,3л",Газировка
Грибной Чикенбургер,Бургер
Итальяно Кинг Двойной,Бургер
Up Родео Гамбургер,Бургер
Луковые Кольца (12 шт.),Луковые кольца
Ангус 4 Сыра Двойной,Бургер
"Лимонад джун 0,3л б/л",Газировка
Up Родео Чикен Гамбургер новый,Бургер
Креветки (9 шт.),креветки
Сандэй Карамельный,Десерт
Чеддер Бекон Ролл,Ролл
Фиш Ролл,Ролл
Кинг Фри бол + Острая штука,Картошка
Up Барбекю Бекон Гамбургер,Бургер
"Фрустайл Апельсин в бутылке 0,5л",Газировка
Острый Воппер Ролл,Ролл
Пирожок с малиной,Десерт
Острый Гамбургер,Бургер
Латте Айриш Крим (МАЛ.),Кофе
Гамбургер По-Французски,Бургер
Кофе глясе,Кофе
Чеддер Бекон Кинг,Бургер
Итальяно Кинг Острый,Бургер
Острый Кинг Фри Станд,Картошка
Малиновый Шейк мал,Молочные коктейли
"Up Липтон Лимон большой 0,8",Газировка
Чеддер Бекон Острый,Бургер
"Up Эвервесс Блэк Роял  большой 0,8",Газировка
"Пепси Кола б/л стандарт 0,5",Газировка
Шримп Пармезан Ролл,Ролл
Малиновый Шейк станд,Молочные коктейли
Тильзитер Ролл,Ролл
Острый Кинг Фри Бол,Картошка
Up Барбекю Бекон Чикенбургер,Бургер
"Лимонад б/л стандарт 0,5",Газировка
Up Сырбургер,Бургер
Капучино Айриш Крим (МАЛ.),Кофе
"Дюшес мал 0,4",Газировка
Up Карт. Деревен. мал,Картошка
Карамельный Латте (БОЛ.),Кофе
Малиновый Шейк бол,Молочные коктейли
"Up Липтон Грин б/л мал 0,4",Газировка
Мистери Чикен Тар-Тар,Бургер
"Эвервесс Кола большой 0,8",Газировка
Капучино Пряная Тыква (СТАНД.),Кофе
Up Воппер с сыром,Бургер
Острый Роял Фри,Картошка
Острый Гранд Чиз,Бургер
Острый Кинг Фри Мал,Картошка
Цезарь Кинг new,Бургер
Up Острый Воппер,Бургер
Пакет,Дополнительно
Карамельный Капучино (БОЛ.),Кофе
Латте Пряная Тыква (СТАНД.),Кофе
Пиво Gorkovskaya Brewery Weizen,Пиво
"Мандарин б/л мал 0,4",Газировка
Карамельный Капучино (СТАНД.),Кофе
Up Цезарь Кинг новый,Бургер
Чеддер Начос Кинг Двойной,Бургер
Острый Ангус Пармеджано,Бургер
Чикен Чизбургер new,Бургер
Up Сырные Медальоны (9 шт.),Сырные медальоны
Up Сырбургер Чикен New,Бургер
Карамельный Латте (СТАНД.),Кофе
Мистери Гранд Чиз Фреш,Бургер
А4 РОЛЛ,Ролл
"Up Эвервесс Апельсин б/л  большой 0,8",Газировка
"Фрустайл Лимон Лайм в бутылке 0,5л",Газировка
Чеддер Бекон Чикен,Бургер
"Вода Аква Минерале с газом 0,5л",Вода
"Кинг Букет ""КРЕВЕТКИ XXL""",креветки
Сандэй Малиновый,Десерт
Острый Воппер С Сыром,Бургер
Up Шримп Ролл,Ролл
Сухарики Lava Lava «Дикий Шашлык»,Чипсы/сухарики
Острый Цезарь Кинг New,Бургер
Латте Айриш Крим (БОЛ.),Кофе
"Up Эвервесс Кола большой 0,8",Газировка
Flash Up,Газировка
Up Сандэй Карамельный,Десерт
Энергет.нап. Адреналин Раш,Газировка
Чикенбургер По-Французски,Бургер
Острый Цезарь Ролл Со Стрипсами,Ролл
"Липтон Грин большой 0,8",Газировка
1RUB.Крылышки (6 шт.),Крылышки
1RUB.АНГУС Шеф new,Бургер
Капучино Айриш Крим (БОЛ.),Кофе
Up Двойной Чизбургер,Бургер
1RUB.Чикен Тар-Тар,Бургер
Кинг Букет «Стрипсы Микс»,Стрипсы
"Up Эвервесс Апельсин б/л мал 0,4",Газировка
Up Острый Воппер Джуниор,Бургер
Up Капучино (МАЛ.),Кофе
Салат Цезарь с креветками,Салат
1RUB.Улитка с Корицей,Десерт
"Липтон Лимон большой 0,8",Газировка
"Up Липтон Грин стандарт 0,5",Газировка
Ангус Пармезан,Бургер
"Up Эвервесс Лимон-Лайм б/л мал 0,4",Газировка
1RUB.Гранд Чиз Фреш,Бургер
Кинг Гоу Деревенский,Картошка
Цезарь Кинг,Бургер
Острый Ангус Шеф,Бургер
Салат Цезарь new,Салат
"Up Дюшес б/л мал 0,4",Газировка
Up Острый Чикен Тар-тар,Бургер
Острый Грибной Гамбургер,Бургер
"Up Эвервесс Лемон-Лайм б/л  большой 0,8",Газировка
Ангус Камамбер Двойной,Бургер
Жевательная резинка Орбит сладкая мята,Дополнительно
Острый Гранд Чиз Фреш,Бургер
"Up Липтон Лимон б/л мал 0,4",Газировка
"Мандарин б/л стандарт 0,5",Газировка
Up Наггетсы (12 шт.),Наггетсы
Up Пиво Туборг Грин 0.5л розлив,Пиво
Воппер Шашлычок,Бургер
Острый Шримп Ролл,Ролл
"Эвервесс Блэк Роял большой 0,8",Газировка
Фиш Бургер Двойной,Бургер
"Up Эвервесс Кола мал 0,4",Газировка
"Up Байкал б/л мал 0,4",Вода
Жевательная резинка Орбит bubblemint,Дополнительно
Биг Кинг XXL,Бургер
Up Латте (МАЛ.),Кофе
"Дюшес  стандарт 0,5",Газировка
Чикен Чизбургер,Бургер
Ангус Пармеджано Двойной,Бургер
Острый Грибной Чикенбургер,Бургер
Острые Наггетсы 9Шт,Наггетсы
Up Пиво Балтика 7 0.5л розлив,Пиво
Веган Воппер,Бургер
Острый Тильзитер Кинг,Бургер
Острый Чеддер Начос Кинг,Бургер
Острые Сырные Медальоны 6 Шт,Сырные медальоны
"Up Эвервесс Блэк Роял стандарт 0,5",Газировка
Острый Картофель Деревенский Стандартный,Картошка
Up Острые Наггетсы 3 шт,Наггетсы
Up Острый Гранд Чиз,Бургер
Ванильный Капучино (БОЛ.),Кофе
"Up Кола б/л мал 0,4",Газировка
Джуниор Корона,Дополнительно
Чеддер Бекон Кинг Двойной,Бургер
"1RUB.Лимонад б/л стандарт 0,5",Газировка
Ванильный Капучино (СТАНД.),Кофе
Ванильный Латте (БОЛ.),Кофе
Холодный Капучино,Кофе
Тильзитер Кинг с беконом,Бургер
"1RUB.Липтон Зеленый Чай в бутылке 0,5л",Газировка
Тильзитер Кинг Двойной,Бургер
"Мандарин джун 0,3л б/л",Газировка
Up Острые Кинг Фри Мал,Картошка
Родео Чикен Гамбургер,Бургер
Up Острый Картофель Деревенский Джун,Картошка
Ванильный Латте (СТАНД.),Кофе
Родео Чикен Гамбургер new,Бургер
"Up Эвервесс Кола стандарт 0,5",Газировка
Начос Бокс,бокс/набор
Up Острый Кинг Фри Бол,Картошка
"Up Эвервесс Лемон-Лайм б/л  мал 0,4",Газировка
"Up Эвервесс Апельсин б/л  мал 0,4",Газировка
Острый Тильзитер Кинг с курицей,Бургер
"Дюшес в бутылке 0,5л",Газировка
Мистери ЧЕДДЕР НАЧОС КИНГ,Бургер
"1RUB.Липтон Лимон в бутылке 0,5л",Газировка
"Эвервесс Апельсин б/л  большой 0,8",Газировка
Up Латте Айриш Крим (СТАНД.),Кофе
Стрипсы (9 шт.),Стрипсы
Капучино Пряная Тыква (МАЛ.),Кофе
"Фрустайл Лимон Лайм большой 0,8",Газировка
Мистери ЧЕДДЕР НАЧОС КИНГ С КУРИЦЕЙ,Бургер
"Up Эвервесс Апельсин б/л стандарт 0,5",Газировка
Up Двойной Воппер,Бургер
Up Двойной Воппер с сыром,Бургер
Латте Пряная Тыква (МАЛ.),Кофе
Острые Луковые Кольца 6 Шт,Луковые кольца
Балтика №0 БезПивоное Светлое,Пиво
Сандэй Двойная Карамель,Десерт
Острые Крылышки 6 Шт,Крылышки
"Up Лимонад б/л большой 0,8",Газировка
"Up Пепси Кола б/л мал 0,4",Газировка
"Фрустайл Апельсин большой 0,8",Газировка
Острый Фиш Ролл,Ролл
Up Капучино Айриш Крим (МАЛ.),Кофе
Острый Фиш Бургер,Бургер
"Севен Ап дж 0,3 (б\л)",Газировка
Острый Чеддер Начос Шримп Ролл,Ролл
Up Капучино Айриш Крим (СТАНД.),Кофе
"1RUB.Кола б/л стандарт 0,5",Газировка
"Up Сок Яблочный 0,2л",сок
Up Латте Айриш Крим (МАЛ.),Кофе
Up Острый Гранд Чиз Фреш,Бургер
1RUB.Чизбургер,Бургер
"Эвервесс Лемон-Лайм б/л  большой 0,8",Газировка
Острый Чеддер Начос Кинг С Курицей,Бургер
Острый Тильзитер Ролл,Ролл
"Up Эвервесс Лимон-Лайм б/л стандарт 0,5",Газировка
"1RUB.Дюшес б/л стандарт 0,5",Газировка
Балтика №0 БезПивоное Грейпфрут,Пиво
Острый Шримп Пармезан Ролл,Ролл
Up Чай черный станд,Чай
Up Воппер Шашлычок,Бургер
Стрипсы (12 шт.),Стрипсы
"Up Вода Аква Минерале без газа 0,5л",Вода
"Up Липтон Лимон стандарт 0,5",Газировка
Up Креветки (9 шт.),креветки
Стейкхаус new,Бургер
"1RUB.Эвервесс Блэк Роял в бутылке 0,5л",Газировка
Острые Наггетсы 12Шт,Наггетсы
"Up Эвервесс Блэк Роял б/л  стандарт 0,5",Газировка
Up Креветки (12 шт.),креветки
Двойной Эспрессо,Кофе
Up Острый Чикенбургер New,Бургер
"Up Пепси Кола б/л большой 0,8",Газировка
Острые Наггетсы 3 Шт,Наггетсы
Up Чикенбургер По-Французски,Бургер
Острый Чеддер Начос Чикен Ролл,Ролл
Острые Сырные Медальоны 3 Шт,Сырные медальоны
Up Острый Томатный соус,Соус
Up Острые Сырные Медальоны 3 шт,Сырные медальоны
Up ЧизБекон Гамбургер,Бургер
Up Наггетсы (6 шт.),Наггетсы
"1RUB.Эвервесс Апельсин в бутылке 0,5л",Газировка
"Кола б/л большой 0,8",Газировка
Up Чай Зеленый станд,Чай
Up Латте Айриш Крим (БОЛ.),Кофе
"Севен Ап б/л  мал 0,4",Газировка
Up Карамельный Латте (БОЛ.),Кофе
"Up Эвервесс Апельсин б/л  стандарт 0,5",Газировка
Мексиканский Гамбургер,Бургер
Мистери Воппер с сыром,Бургер
Up Гамбургер По-Французски,Бургер
"Up Пепси Кола в бутылке 0,5л",Газировка
Острый Ангус Пармеджано Двойной,Бургер
Up Острые Кинг Фри Станд,Картошка
"Миринда оранж дж 0,3 (б\л)",Газировка
Ангус Пармезан XL,Бургер
Острые Луковые Кольца 9Шт,Луковые кольца
"Up Эвервесс Лемон-Лайм б/л  стандарт 0,5",Газировка
Up Карамельный Капучино (СТАНД.),Кофе
Сандэй Двойной Шоколад,Десерт
Липтон Грин XL 1л,Газировка
"Up Эвервесс Апельсин мал 0,4",Газировка
Up Карамельный Капучино (БОЛ.),Кофе
Кинг Букет «Стрипсы XL»,Стрипсы
"Пепси Манго джун 0,3л б/л",Газировка
Up Острые Сырные Медальоны 6 шт,Сырные медальоны
Острые Креветки 6 Шт,креветки
Мистери Ангус Шеф,Бургер
Up Острый Воппер Ролл,Ролл
"Up Мандарин б/л большой 0,8",Газировка
Up Острый Двойной Чизбургер,Бургер
"Кола без сахара джун 0,3л",Газировка
"lim.Липтон Грин  мал 0,4",Газировка
Пакет Новый,Дополнительно
Острый Фиш Бургер Двойной,Бургер
Up Итальяно Кинг,Бургер
Up Стрипсы (6 шт.),Стрипсы
Острые Крылышки 3 Шт,Крылышки
"1RUB.Эвервесс Лемон-Лайм в бутылке 0,5л",Газировка
Up Капучино Айриш Крим (БОЛ.),Кофе
Up Грибной Чикенбургер,Бургер
Мясной Ролл,Ролл
Up Соус Цезарь,Соус
Up Острый Гамбургер,Бургер
Up Стейкхаус new,Бургер
Острые Крылышки 12Шт,Крылышки
Up Острый Цезарь Кинг New,Бургер
Мексиканский Чикенбургер,Бургер
Up Острый Чизбургер,Бургер
Up Чеддер Начос Кинг,Бургер
"Пепси Манго б/л  мал 0,4",Газировка
Капучино Пряная Тыква (БОЛ.),Кофе
Сандэй Двойная Клубника,Десерт
"Кола без сахара  мал 0,4",Газировка
Up Грибной Гамбургер,Бургер
Up Острый Цезарь Ролл Со Стрипсами,Ролл
Up Рожок Малина,Десерт
"Миринда б/л мал 0,4",Газировка
"lim.Эвервесс Блэк Роял джун 0,3л",Газировка
"Севен Ап б/л стандарт 0,5",Газировка
"Пепси Кола в бутылке 0,5л",Газировка
А4 СТУДИЯ,Дополнительно
Up Острые Луковые Кольца 9шт,Луковые кольца
Up Острые Наггетсы 9шт,Наггетсы
Липтон Лимон XL 1л,Газировка
Up Карамельный Латте (СТАНД.),Кофе
Комикс,Дополнительно
lim.Липтон Лимон джун,Газировка
"Пепси Манго б/л стандарт 0,5",Газировка
Up Гранд Чиз Двойной,Бургер
Латте Пряная Тыква (БОЛ.),Кофе
Up Гранд Чиз Фреш Двойной,Бургер
Острые Стрипсы 3 Шт,Стрипсы
"Up Пепси Манго в бутылке 0,5л",Газировка
"Дюшес б/л большой 0,8",Газировка
Острый Тильзитер Кинг Двойной,Бургер
Мистери Гранд Чиз,Бургер
T.Шримп Ролл,Ролл
"lim.Эвервесс Блэк Роял мал 0,4",Газировка
Пиво Балтика 7 банка,Пиво
"Байкал б/л  большой 0,8",Вода
Инди Пармезан,Бургер
Острые Крылышки 9Шт,Крылышки
"lim.Липтон Лимон стандарт 0,5",Газировка
"Эвервесс Лемон-Лайм джун 0,3л",Газировка
"Эвервесс Апельсин джун 0,3л",Газировка
Up Ванильный Капучино (СТАНД.),Кофе
Up Сандэй Малиновый,Десерт
"lim.Липтон Лимон  мал 0,4",Газировка
Up Ванильный Капучино (БОЛ.),Кофе
Up Острые Луковые Кольца 6 шт,Луковые кольца
Т.Цезарь ролл со стрипсами,Ролл
"lim.Эвервесс Кола мал 0,4",Газировка
"Пепси Манго в бутылке 0,5л",Газировка
"Up Сок Апельсиновый 0,2л",сок
А4 ПАТЧ,Дополнительно
Острые Сырные Медальоны 9Шт,Сырные медальоны
"lim.Липтон Грин стандарт 0,5",Газировка
Up Острые Картофель Деревенский Станд,Картошка
Up Острый Барбекю Бекон Чикенбургер,Бургер
"Пепси Макс джун 0,3л б/л",Газировка
"lim.Эвервесс Блэк Роял стандарт 0,5",Газировка
"Up Дюшес в бутылке 0,5л",Газировка
Кинг Конверт,Бургер
Острый Картофель Деревенский Малый,Картошка
1RUB.Карт. Деревен. мал,Картошка
Ролл Индейка Пармезан,Ролл
Up Острый Барбекю Бекон Гамбургер,Бургер
"Up Вода Аква Минерале с газом 0,5л",Вода
"Эвервесс Апельсин мал 0,4",Газировка
"lim.Эвервесс Кола стандарт 0,5",Газировка
Чикен Ролл Родео BBQ,Ролл
"Кола без сахара  стандарт 0,5",Газировка
"Эвервесс Лемон-Лайм мал 0,4",Газировка
Воппер Родео BBQ,Бургер
"Миринда б/л стандарт 0,5",Газировка
Эвервесс Блэк Роял б/л  XL 1л,Газировка
Up Острые Луковые Кольца 3 шт,Луковые кольца
"Эвервесс Апельсин стандарт 0,5",Газировка
Up Тройной Воппер,Бургер
GIFT.Чизбургер,Бургер
"Эвервесс Лемон-Лайм стандарт 0,5",Газировка
Чикен Конверт,Ролл
Up Латте Пряная Тыква (СТАНД.),Кофе
Up Ванильный Латте (СТАНД.),Кофе
Сок Яблочный,сок
Чикен Родео BBQ,Бургер
Кола б/л XL 1л,Газировка
"Лимонад б/л большой 0,8",Газировка
Up Ванильный Латте (БОЛ.),Кофе
T.Воппер Ролл,Ролл
Up Малиновый Шейк мал,Молочные коктейли
Пепси Кола б/л  XL 1л,Газировка
Острые Луковые Кольца 3 Шт,Луковые кольца
"Up Миринда в бутылке 0,5л",Газировка
Острый Картофель Деревенский Джун,Картошка
"1RUB.Мандарин б/л стандарт 0,5",Газировка
Up Капучино Пряная Тыква (СТАНД.),Кофе
Шримп Конверт,Ролл
Острые Стрипсы 6 Шт,Стрипсы
"Пепси Кола б/л большой 0,8",Газировка
lim.Липтон Грин джун,Газировка
1RUB.Шримп Ролл,Ролл
"Острый Кинг Букет ""Крылышки Xxl""",Крылышки
"Острый Кинг Букет ""Большой Микс""",бокс/набор
"Up Дюшес б/л стандарт 0,5",Газировка
Up Острый Шримп Ролл,Ролл
Up АНГУС Шеф Двойной new,Бургер
"Дюшес большой 0,8",Газировка
Up Клубничный Шейк бол,Молочные коктейли
Up Шоколадный Шейк бол,Молочные коктейли
Эвервесс Апельсин б/л  XL 1л,Газировка
1RUB.Гамбургер,Бургер
Up Острый Грибной Гамбургер,Бургер
"Up Севен Ап в бутылке 0,5л",Газировка
Up Веган Воппер,Бургер
Up Капучино Пряная Тыква (МАЛ.),Кофе
"Up Дюшес большой 0,8",Газировка
Up Балтика 0 Грейпфрут БезПивоное,Пиво
Острые Сырные Медальоны 12Шт,Сырные медальоны
"1RUB.Вода Аква Минерале без газа 0,5л",Вода
Up Клубничный Шейк станд,Молочные коктейли
Up Малиновый Шейк бол,Молочные коктейли
Up Ванильный Шейк бол,Молочные коктейли
Up Чеддер Бекон Кинг,Бургер
Салат Цезарь,Салат
Up Ванильный Шейк станд,Молочные коктейли
Байкал б/л  XL 1л,Вода
Острые Креветки 12Шт,креветки
Пиво Немецкий Вайсбир,Пиво
Кинг Гоу Стрипсы,Стрипсы
"Пепси Макс в бутылке 0,5л",Газировка
Мистери Тильзитер Кинг с курицей,Бургер
Up Острый Грибной Чикенбургер,Бургер
Up Шоколадный Шейк станд,Молочные коктейли
Up Какао,Кофе
Острые Креветки 9Шт,креветки
Up Карт. Деревен. Джун,Картошка
"Up Пепси Манго б/л мал 0,4",Газировка
"lim.Эвервесс Кола джун 0,3л",Газировка
"Up Фрустайл Апельсин в бутылке 0,5л",Газировка
Up Кофе глясе,Кофе
Мистери Ангус Пармеджано,Бургер
Острые Креветки 3 Шт,креветки
"Up Пепси Макс в бутылке 0,5л",Газировка
"Up Дюшес мал 0,4",Газировка
"Миринда в бутылке 0,5л",Газировка
"Up Севен Ап б/л мал 0,4",Газировка
"Севен Ап в бутылке 0,5л",Газировка
Эвервесс Лемон-Лайм б/л  XL 1л,Газировка
"Дюшес стандарт 0,5",Газировка
Up Острый Чеддер Начос Кинг,Бургер
Up Фиш Ролл,Ролл
Up Острые Стрипсы 3 Шт,Стрипсы
Up Соус Брусничный,Соус
"1RUB.Вода Аква Минерале с газом 0,5л",Вода
Дюшес б/л XL 1л,Газировка
Пиво Жатецкий Гусь Черный банка,Пиво
Воппер Родео BBQ Двойной,Бургер
"Пепси Макс б/л  мал 0,4",Газировка
Острые Луковые Кольца 12Шт,Луковые кольца
"Мандарин б/л большой 0,8",Газировка
Up Острый Ангус Шеф,Бургер
"lim.Липтон Грин большой 0,8",Газировка
Up Кинг Гоу Деревенский,Картошка
Up Малиновый Шейк станд,Молочные коктейли
"Up Фрустайл Лимон Лайм в бутылке 0,5л",Газировка
"Пепси Кола  мал 0,4",Газировка
Up Острый Двойной Воппер С Сыром,Бургер
Up Острый Картофель Деревенский Стандартный,Картошка
"Up Севен Ап б/л большой 0,8",Газировка
Up Острый Двойной Воппер,Бургер
Воппер Родео BBQ с Беконом,Бургер
"Кола стандарт 0,5",Газировка
1RUB.Кинг Фри мал,Картошка
"Up Фрустайл Лимон Лайм мал 0,4",Газировка
"Кола мал 0,4",Газировка
Острый Кинг Букет «Креветки»,креветки
1RUB.Карт. Деревен. джун,Картошка
"lim.Липтон Лимон большой 0,8",Газировка
МИКС МАСТЕР «Сметана и Лук» Фри M,Картошка
Up Фиш Бургер,Бургер
Сок  Апельсиновый,сок
Up Острый Ангус Шеф Двойной,Бургер
1RUB.Чикенбургер новый,Бургер
1RUB.Цезарь ролл со стрипсами,Ролл
"Пепси Макс б/л стандарт 0,5",Газировка
"Up Байкал б/л  стандарт 0,5",Вода
Кинг Гоу Креветки,креветки
Up Острый Чикен Чизбургер New,Бургер
Лимонад б/л XL 1л,Газировка
Up Острый Чеддер Начос Кинг Двойной,Бургер
Up Острый Воппер С Сыром,Бургер
"Байкал стандарт 0,5",Вода
"lim.Эвервесс Кола большой 0,8",Газировка
"Up Фрустайл Апельсин мал 0,4",Газировка
"1RUB.Эвервесс Блэк Роял стандарт 0,5",Газировка
Игрушка,Дополнительно
Сбер.Капучино (МАЛ.),Кофе
МИКС МАСТЕР «Сметана и Лук» Фри S,Картошка
Up Острые Сырные Медальоны 9шт,Сырные медальоны
Up Острый Картофель Деревенский Станд,Картошка
Кинг Попкорн Солёненький,Бургер
"Up Дюшес стандарт 0,5",Газировка
Up Стрипсы (12 шт.),Стрипсы
Острый Кинг Букет Стрипсы Микс,Стрипсы
Up Сырные Медальоны (12 шт.),Сырные медальоны
Сбер.Чизбургер,Бургер
Up Стрипсы (9 шт.),Стрипсы
Up Латте Пряная Тыква (МАЛ.),Кофе
"Кола без сахара большой 0,8",Газировка
Up Острый Гранд Чиз Двойной,Бургер
"1RUB.Липтон Грин стандарт 0,5",Газировка
Воппер Родео BBQ Острый,Бургер
Up Острый Тройной Воппер,Бургер
"lim.Эвервесс Блэк Роял большой 0,8",Газировка
"Байкал мал 0,4",Вода
Up Айс Твист Шоколадный,Десерт
"Байкал джун 0,3л",Вода
Up Острые Наггетсы 6 шт,Наггетсы
Пепси Кола джун,Газировка
Т3.АНГУС Шеф new,Бургер
Up Острый Гранд Чиз Фреш Двойной,Бургер
МИКС МАСТЕР «Сметана и Лук» Фри L,Картошка
"Пепси Дикая Мята в бутылке 0,5л",Газировка
Up Острый Картофель Деревенский Малый,Картошка
"lim.Фрустайл Апельсин стандарт 0,5",Газировка
Up Итальяно Кинг Двойной,Бургер
"Пепси Кола стандарт 0,5",Газировка
"Up Миринда б/л большой 0,8",Газировка
Up Острый Беконайзер,Бургер
Up Капучино Пряная Тыква (БОЛ.),Кофе
Up Чеддер Начос Шримп Ролл,Ролл
Up Клубничный шейк (станд.),Молочные коктейли
"Энергет.нап. Адреналин Раш 0,25л",Газировка
Up Острый Чеддер Начос Чикен Ролл,Ролл
"Up Фрустайл Лимон Лайм стандарт 0,5",Газировка
"Острый Кинг Букет ""Снек-Микс""",бокс/набор
"lim.Фрустайл Апельсин мал 0,4",Газировка
Мандарин б/л  XL 1л,Газировка
Up Айс Твист Клубничный,Десерт
"Лимонад мал 0,4",Газировка
"1RUB.Липтон Лимон стандарт 0,5",Газировка
"Кола большой 0,8",Газировка
Up Шоколадный шейк (станд.),Молочные коктейли
Up Острый Кинг Фри Станд,Картошка
"Мандарин джун 0,3л",Газировка
"Up Миринда б/л мал 0,4",Газировка
"Эвервесс Лемон-Лайм большой 0,8",Газировка
Up Ванильный шейк (станд.),Молочные коктейли
Up Латте Пряная Тыква (БОЛ.),Кофе
Т3.Ангус Пармеджано,Бургер
"Up Фрустайл Апельсин стандарт 0,5",Газировка
"Кола джун 0,3л",Газировка
Up Луковые Кольца (12 шт.),Луковые кольца
"Острый Кинг Букет ""Креветки Xxl""",креветки
1RUB.Гранд Чиз,Бургер
А4 СТУДИЯ (НДС 20%),Дополнительно
"Эвервесс Апельсин большой 0,8",Газировка
"1RUB.Эвервесс Апельсин стандарт 0,5",Газировка
Up Ангус 4 Сыра Двойной,Бургер
Игрушка Mattel,Дополнительно
GIFT.Гамбургер,Бургер
Up Карт. Деревен. Станд,Картошка
"Up Пепси Кола мал 0,4",Газировка
"1RUB.Эвервесс Лемон-Лайм стандарт 0,5",Газировка
"lim.Фрустайл Лимон Лайм стандарт 0,5",Газировка
Up Мясной Ролл,Ролл
Up Пирожок с малиной,Десерт
Up Сырные медальоны (6 шт.),Сырные медальоны
Up Воппер ролл,Ролл
"Пепси Черри дж 0,3 (б\л)",Газировка
"Пепси Черри б/л  мал 0,4",Газировка
Up Горячий Брауни,Десерт
Up Острые Стрипсы 3 шт,Стрипсы
Антисептик Армасепт Гель,Дополнительно
"Мандарин мал 0,4",Газировка
"Лимонад стандарт 0,5",Газировка
Острый Инди Пармезан,Бургер
Острые Стрипсы 9Шт,Стрипсы
"Up Эвервесс Лимон-Лайм мал 0,4",Газировка
МИКС МАСТЕР «Перчик Чили» Фри M,Картошка
Up Чеддер Начос Чикен Ролл,Ролл
"lim.Фрустайл Лимон Лайм мал 0,4",Газировка
Up Острый Чеддер Начос Кинг С Курицей,Бургер
МИКС МАСТЕР «Сметана и Лук» Деревенский S,Картошка
"Up Лимонад б/л мал 0,4",Газировка
"Севен Ап б/л большой 0,8",Газировка
Капучино на Миндальной основе (СТАНД.),Кофе
"Up Эвервесс Блэк Роял большой 0,8",Газировка
"Up Эвервесс Апельсин стандарт 0,5",Газировка
МИКС МАСТЕР «Перчик Чили» Фри S,Картошка
ДОГПЕР,Дополнительно
МИКС МАСТЕР «Сметана и Лук» Деревенский L,Картошка
Севен Ап б/л  XL 1л,Газировка
"Пепси Манго б/л большой 0,8",Газировка
Мистери Тильзитер Кинг,Бургер
"Мандарин стандарт 0,5",Газировка
Острый Ролл Индейка Пармезан,Ролл
"Up Пепси Макс б/л большой 0,8",Газировка
Пепси Манго б/л  XL 1л,Газировка
1RUB.Двойной Чизбургер,Бургер
Сок Фр.сад Яблочный,сок
"Up Пепси Макс б/л мал 0,4",Газировка
"Up Эвервесс Лемон-Лайм стандарт 0,5",Газировка
"lim.Фрустайл Апельсин большой 0,8",Газировка
Up Острый Чеддер Начос Шримп Ролл,Ролл
Капучино на Миндальной основе (МАЛ.),Кофе
Латте на Миндальной основе (МАЛ.),Кофе
Up Острые Креветки 12шт,креветки
Up Эвервесс Кола б/л  XL 1л,Газировка
Острый Кинг Букет «Стрипсы Xl»,Стрипсы
"Байкал большой 0,8",Вода
МИКС МАСТЕР «Перчик Чили» Фри L,Картошка
Up Луковые кольца (3 шт.),Луковые кольца
Up Ролл Индейка Пармезан,Ролл
Пиво Туборг банка,Пиво
Воппер Сырный с беконом,Бургер
Острые Стрипсы 12Шт,Стрипсы
Эвервесс Кола XL 1л,Газировка
"Пепси Кола большой 0,8",Газировка
Байкал XL 1л,Вода
Up Воппер Сырный с беконом,Бургер
Т.Ангус Пармеджано,Бургер
"Up Эвервесс Лемон-Лайм мал 0,4",Газировка
Латте на Миндальной основе(СТАНД.),Кофе
МИКС МАСТЕР «Сметана и Лук» Деревенский M,Картошка
"Миринда б/л большой 0,8",Газировка
Up Креветки (3 шт.),креветки
Т3.АНГУС Шеф Двойной new,Бургер
Миринда б/л  XL 1л,Газировка
Мороженое Твикс,Десерт
"lim.Дюшес стандарт 0,5",Газировка
Сок Фр. сад  Апельсин,сок
"Up Эвервесс Лимон-Лайм стандарт 0,5",Газировка
Up Воппер Родео BBQ,Бургер
Up Карт. Деревен. Мал,Картошка
Up Капучино на Миндальной основе (БОЛ.),Кофе
"lim.Дюшес мал 0,4",Газировка
Капучино на Миндальной основе (БОЛ.),Кофе
"Малиновый Шейк 0,5",Молочные коктейли
Up Инди Пармезан,Бургер
"lim.Фрустайл Апельсин джун 0,3л",Газировка
Up Кинг Конверт,Бургер
Up Эвервесс Блэк Роял б/л  XL 1л,Газировка
"Up Кола без сахара мал 0,4",Газировка
Т.АНГУС Шеф new,Бургер
"Пепси Черри б/л стандарт 0,5",Газировка
Т3.Ангус Пармеджано Двойной,Бургер
Миринда Оранж джун,Газировка
Up Острый Фиш Ролл,Ролл
Т3.Острый Ангус Шеф,Бургер
Up Луковые кольца (6 шт.),Луковые кольца
Up Эвервесс Апельсин б/л  XL 1л,Газировка
Up Острый Ангус Пармеджано,Бургер
"lim.Фрустайл Лимон Лайм джун 0,3л",Газировка
Up Острый Фиш Бургер,Бургер
"lim.Дюшес большой 0,8",Газировка
"Лимонад большой 0,8",Газировка
"1RUB.Кола стандарт 0,5",Газировка
"Миринда мал 0,4",Газировка
"Мандарин большой 0,8",Газировка
"Пепси Манго мал 0,4",Газировка
"lim.Фрустайл Лимон Лайм большой 0,8",Газировка
"lim.Кола без сахара стандарт 0,5",Газировка
Капучино (БОЛ.) с сиропом,Кофе
"Up Пепси Черри б/л мал 0,4",Газировка
Up Капучино на Миндальной основе (СТАНД.),Кофе
Латте на Миндальной основе (БОЛ.),Кофе
Up Острый Кинг Фри Мал,Картошка
Сандэй Сникерс с арахисом,Десерт
Up Латте на Миндальной основе(СТАНД.),Кофе
Сухарики Lava Lava,Чипсы/сухарики
"Пепси Макс б/л большой 0,8",Газировка
МИКС МАСТЕР «Перчик Чили» Деревенский M,Картошка
"Up Байкал мал 0,4",Вода
Up Латте на Миндальной основе (БОЛ.),Кофе
"Малиновый Шейк 0,3",Молочные коктейли
Сухарики Lava Lava НДС 20%,Чипсы/сухарики
Up Кинг Попкорн Солёненький,Бургер
МИКС МАСТЕР «Перчик Чили» Деревенский S,Картошка
"Up Кола без сахара большой 0,8",Газировка
"Up Мандарин б/л мал 0,4",Газировка
"Шоколадный Шейк 0,5",Молочные коктейли
"lim.Дюшес джун 0,3л",Газировка
Дюшес XL 1л,Газировка
Up Чикен Конверт,Ролл
Up МИКС МАСТЕР «Сметана и Лук» Фри M,Картошка
Up  Острый Тильзитер Кинг,Бургер
"Пепси Манго стандарт 0,5",Газировка
Up МИКС МАСТЕР «Сметана и Лук» Фри S,Картошка
Up МИКС МАСТЕР «Сметана и Лук» Деревенский S,Картошка
Up Острый Инди Пармезан,Бургер
"Ванильный Шейк 0,3",Молочные коктейли
Латте (БОЛ.) с сиропом,Кофе
"Энергет.нап. Адреналин Раш 0,449л",Газировка
МИКС МАСТЕР «Перчик Чили» Деревенский L,Картошка
Т3.Острый Ангус Пармеджано,Бургер
Up Соус Барбекю,Соус
"1RUB.Мандарин стандарт 0,5",Газировка
"Up Липтон Грин  мал 0,4",Газировка
"Up Пепси Черри б/л большой 0,8",Газировка
Up Тильзитер Кинг с курицей,Бургер
Up Острый Тильзитер Кинг с курицей,Бургер
"Up Капучино стандартный 0,3 л",Кофе
Шоколадный батончик Snickers Stick,Десерт
Пепси Кола XL 1л,Газировка
Up Острые Наггетсы 3 Шт,Наггетсы
Латте (СТАНД.) с сиропом,Кофе
Up Острые Наггетсы 9Шт,Наггетсы
Шримп Ролл Джуниор,Ролл
"Клубничный Шейк 0,3",Молочные коктейли
"Up Ванильный Шейк 0,3",Молочные коктейли
"Ванильный Шейк 0,5",Молочные коктейли
Т.АНГУС Шеф Двойной new,Бургер
"Up Фрустайл Апельсин большой 0,8",Газировка
Up Горячий брауни,Десерт
Эвервесс Апельсин XL 1л,Газировка
Мандарин XL 1л,Газировка
Мороженое Сникерс с арахисом,Десерт
"1RUB.Дюшес стандарт 0,5",Газировка
"Up Кола б/л большой 0,8",Газировка
Т.Острый Ангус Шеф,Бургер
Пирожок Шоколадно-Малиновый Чизкейк,Десерт
"Шоколадный Шейк 0,3",Молочные коктейли
"Up Эвервесс Лемон-Лайм большой 0,8",Газировка
Эвервесс Лемон-Лайм XL 1л,Газировка
Up Острый Ролл Индейка Пармезан,Ролл
Up  Острый Тильзитер Ролл,Ролл
Сбер.Пирожок с вишней,Десерт
"Миринда стандарт 0,5",Газировка
1RUB.Чипсы/сухарики Lay’s сметана и зелень,Чипсы/сухарики
Up Воппер джуниор,Бургер
Up МИКС МАСТЕР «Перчик Чили» Деревенский S,Картошка
Up МИКС МАСТЕР «Сметана и Лук» Деревенский L,Картошка
"Up Кола без сахара стандарт 0,5",Газировка
Сбер.Капучино (СТАНД.) за 1руб,Кофе
"Пепси Манго большой 0,8",Газировка
"Up Пепси Черри в бутылке 0,5л",Газировка
Up Балтика №0 БезПивоное Светлое,Пиво
Пепси Макс б/л  XL 1л,Газировка
Up Ангус Камамбер,Бургер
Острый Ангус Шеф Двойной,Бургер
Сырники с брусничным соусом,Десерт
Up Пирожок Шоколадно-Малиновый Чизке,Десерт
"Up Клубничный Шейк 0,3",Молочные коктейли
Капучино (СТАНД.) с сиропом,Кофе
Up МИКС МАСТЕР «Перчик Чили» Деревенский M,Картошка
Up Улитка с корицей,Десерт
"Up Кола мал 0,4",Газировка
Up МИКС МАСТЕР «Перчик Чили» Фри M,Картошка
Миндальный Капучино (СТАНД.),Кофе
Up Острый Ангус Пармеджано Двойной,Бургер
"Клубничный Шейк 0,5",Молочные коктейли
Up Ангус Пармеджано,Бургер
Острый Двойной Чизбургер,Бургер
"Up Эвервесс Апельсин большой 0,8",Газировка
Эвервесс Блэк Роял XL 1л,Газировка
Up Тильзитер Кинг,Бургер
Up АНГУС Шеф new,Бургер
"Up Ванильный Шейк 0,5",Молочные коктейли
Миндальный Латте (БОЛ.),Кофе
Up МИКС МАСТЕР «Сметана и Лук» Деревенский M,Картошка
"Up Мандарин мал 0,4",Газировка
"Пепси Манго джун 0,3л",Газировка
Миринда XL 1л,Газировка
"Севен Ап  мал 0,4",Газировка
Up Острый Тильзитер Кинг Двойной,Бургер
Up Острые Сырные Медальоны 6 Шт,Сырные медальоны
Up Тильзитер Кинг Двойной,Бургер
"Пепси Черри б/л большой 0,8",Газировка
Up Острый Шримп Пармезан Ролл,Ролл
Миндальный Латте (СТАНД.),Кофе
Up Латте на Миндальной основе (МАЛ.),Кофе
Севен Ап джун,Газировка
SALE.Сыр Блю Чиз (крошка) 1гр,Соус
Up Балтика №0 БезПивоное Грейпфрут,Пиво
"Up Фрустайл Лимон Лайм большой 0,8",Газировка
Up Латте на Миндальной основе (СТАНД.),Кофе
Кола XL 1л,Газировка
"1RUB.Миринда в бутылке 0,5л",Газировка
"1RUB.Лимонад стандарт 0,5",Газировка
"Up Шоколадный Шейк 0,5",Молочные коктейли
Up МИКС МАСТЕР «Сметана и Лук» Фри L,Картошка
"Пепси Черри в бутылке 0,5л",Газировка
"lim.Кола без сахара джун 0,3л",Газировка
Up Острые Луковые Кольца 3 Шт,Луковые кольца
Up МИКС МАСТЕР «Перчик Чили» Фри L,Картошка
Т.Ангус Пармеджано Двойной,Бургер
Up Капучино на Миндальной основе (МАЛ.),Кофе
Up Креветки (6 шт.),креветки
Острый Гранд Чиз Двойной,Бургер
"lim.Кола без сахара большой 0,8",Газировка
Up МИКС МАСТЕР «Перчик Чили» Фри S,Картошка
Т3.Острый Ангус Шеф Двойной,Бургер
Up Латте (БОЛ.) за 1руб,Кофе
Up Эвервесс Лемон-Лайм б/л  XL 1л,Газировка
"Севен Ап стандарт 0,5",Газировка
Острый Двойной Воппер,Бургер
Т3.Up Острый Ангус Шеф Двойной,Бургер
"Up Дюшес б/л большой 0,8",Газировка
Миндальный Капучино (БОЛ.),Кофе
"Пепси Макс джун 0,3л",Газировка
Острый Чеддер Начос Кинг Двойной,Бургер
Up Эвервесс Лемон-Лайм XL 1л,Газировка
Острый Двойной Воппер С Сыром,Бургер
"Up Клубничный Шейк 0,5",Молочные коктейли
Т.Острый Ангус Пармеджано,Бургер
Up Капучино Карамель (БОЛ.) за 1руб,Кофе
SALE.Соус Сальса,Соус
Т3.Острый Ангус Пармеджано Двойной,Бургер
Up Эвервесс Блэк Роял XL 1л,Газировка
Up Лимонад б/л XL 1л,Газировка
"Пепси Макс  мал 0,4",Газировка
Сбер.Латте (СТАНД.) за 1руб,Кофе
1RUB.Ангус 4 Сыра,Бургер
Шримп Воппер,Бургер
"Up Шоколадный Шейк 0,3",Молочные коктейли
"Пепси Макс большой 0,8",Газировка
Up Кола б/л XL 1л,Газировка
Up Латте Карамель (БОЛ.) за 1руб,Кофе
"Up Пепси Макс мал 0,4",Газировка
Острый Барбекю Бекон Гамбургер,Бургер
Up Липтон Грин б/л  XL 1л,Газировка
Пепси Макс XL 1л,Газировка
Up МИКС МАСТЕР «Перчик Чили» Деревенский L,Картошка
Воппер Джуниор Сыр-Бекон new,Бургер
Up Острые Стрипсы 6 Шт,Стрипсы
Т3.1RUB.АНГУС Шеф new,Бургер
